{"cameraMode":{"drawMode":0,"name":"Shaded","section":"Shading Mode"},"sceneLighting":false,"audioPlay":false,"sceneViewState":{"showFog":true,"showMaterialUpdate":false,"showSkybox":true,"showFlares":true,"showImageEffects":true,"showParticleSystems":true},"in2DMode":false,"pivot":{"x":-25.129554748535158,"y":-5.906414985656738,"z":-2.1722395420074465},"rotation":{"x":-0.08441619575023651,"y":0.7292353510856628,"z":-0.0914912298321724,"w":-0.6728440523147583},"size":35.77390670776367,"orthographic":false}