{"cameraMode":{"drawMode":0,"name":"Shaded","section":"Shading Mode"},"sceneLighting":false,"audioPlay":false,"sceneViewState":{"showFog":true,"showMaterialUpdate":false,"showSkybox":true,"showFlares":true,"showImageEffects":true,"showParticleSystems":true},"in2DMode":false,"pivot":{"x":-10.219508171081543,"y":16.526203155517579,"z":-16.04513931274414},"rotation":{"x":0.3336191177368164,"y":0.41122883558273318,"z":-0.16487407684326173,"w":0.832109272480011},"size":4.536749839782715,"orthographic":false}