{"cameraMode":{"drawMode":0,"name":"Shaded","section":"Shading Mode"},"sceneLighting":false,"audioPlay":false,"sceneViewState":{"showFog":true,"showMaterialUpdate":false,"showSkybox":true,"showFlares":true,"showImageEffects":true,"showParticleSystems":true},"in2DMode":false,"pivot":{"x":0.4225848317146301,"y":4.093295097351074,"z":-0.2498260736465454},"rotation":{"x":0.40641897916793826,"y":-0.2315170168876648,"z":0.10724764317274094,"w":0.8773376941680908},"size":2.969520092010498,"orthographic":false}